ID,Class
ISIC_0000000,nevus
ISIC_0000001,nevus
ISIC_0000003,nevus
ISIC_0000004,melanoma
ISIC_0000006,nevus
ISIC_0000007,nevus
ISIC_0000008,nevus
ISIC_0000009,nevus
ISIC_0000011,nevus
ISIC_0000012,nevus
ISIC_0000013,melanoma
ISIC_0000014,nevus
ISIC_0000015,nevus
ISIC_0000016,nevus
ISIC_0000017,nevus
ISIC_0000018,nevus
ISIC_0000019,nevus
ISIC_0000020,nevus
ISIC_0000021,nevus
ISIC_0000022,melanoma
ISIC_0000023,nevus
ISIC_0000024,nevus
ISIC_0000025,nevus
ISIC_0000026,melanoma
ISIC_0000027,nevus
ISIC_0000028,nevus
ISIC_0000029,melanoma
ISIC_0000030,melanoma
ISIC_0000031,melanoma
ISIC_0000032,nevus
ISIC_0000034,nevus
ISIC_0000035,melanoma
ISIC_0000036,melanoma
ISIC_0000037,nevus
ISIC_0000038,nevus
ISIC_0000039,nevus
ISIC_0000040,melanoma
ISIC_0000041,nevus
ISIC_0000042,nevus
ISIC_0000043,melanoma
ISIC_0000044,nevus
ISIC_0000045,nevus
ISIC_0000046,melanoma
ISIC_0000047,nevus
ISIC_0000048,nevus
ISIC_0000049,melanoma
ISIC_0000050,nevus
ISIC_0000051,nevus
ISIC_0000052,nevus
ISIC_0000053,nevus
ISIC_0000054,melanoma
ISIC_0000055,nevus
ISIC_0000056,melanoma
ISIC_0000057,nevus
ISIC_0000058,nevus
ISIC_0000059,nevus
ISIC_0000060,nevus
ISIC_0000061,nevus
ISIC_0000062,nevus
ISIC_0000063,nevus
ISIC_0000064,nevus
ISIC_0000065,nevus
ISIC_0000066,nevus
ISIC_0000067,nevus
ISIC_0000068,nevus
ISIC_0000069,nevus
ISIC_0000071,nevus
ISIC_0000072,nevus
ISIC_0000073,nevus
ISIC_0000074,melanoma
ISIC_0000075,nevus
ISIC_0000077,melanoma
ISIC_0000078,melanoma
ISIC_0000079,nevus
ISIC_0000080,nevus
ISIC_0000081,nevus
ISIC_0000082,nevus
ISIC_0000085,nevus
ISIC_0000086,nevus
ISIC_0000087,nevus
ISIC_0000088,nevus
ISIC_0000089,nevus
ISIC_0000091,nevus
ISIC_0000092,nevus
ISIC_0000093,nevus
ISIC_0000094,nevus
ISIC_0000095,nevus
ISIC_0000096,nevus
ISIC_0000097,nevus
ISIC_0000098,nevus
ISIC_0000099,nevus
ISIC_0000100,nevus
ISIC_0000101,nevus
ISIC_0000102,nevus
ISIC_0000103,nevus
ISIC_0000104,nevus
ISIC_0000105,nevus
ISIC_0000107,nevus
ISIC_0000108,nevus
ISIC_0000109,nevus
ISIC_0000110,nevus
ISIC_0000111,nevus
ISIC_0000112,nevus
ISIC_0000113,nevus
ISIC_0000115,nevus
ISIC_0000116,nevus
ISIC_0000117,nevus
ISIC_0000119,nevus
ISIC_0000120,nevus
ISIC_0000121,nevus
ISIC_0000122,nevus
ISIC_0000123,nevus
ISIC_0000124,nevus
ISIC_0000125,nevus
ISIC_0000126,nevus
ISIC_0000127,nevus
ISIC_0000128,nevus
ISIC_0000129,nevus
ISIC_0000131,nevus
ISIC_0000132,nevus
ISIC_0000133,nevus
ISIC_0000134,nevus
ISIC_0000135,nevus
ISIC_0000136,nevus
ISIC_0000137,nevus
ISIC_0000138,nevus
ISIC_0000139,melanoma
ISIC_0000140,melanoma
ISIC_0000141,melanoma
ISIC_0000142,melanoma
ISIC_0000143,melanoma
ISIC_0000145,melanoma
ISIC_0000146,melanoma
ISIC_0000147,melanoma
ISIC_0000148,melanoma
ISIC_0000149,melanoma
ISIC_0000150,melanoma
ISIC_0000151,melanoma
ISIC_0000152,melanoma
ISIC_0000153,melanoma
ISIC_0000154,melanoma
ISIC_0000155,melanoma
ISIC_0000156,melanoma
ISIC_0000157,melanoma
ISIC_0000159,melanoma
ISIC_0000160,melanoma
ISIC_0000161,melanoma
ISIC_0000162,melanoma
ISIC_0000163,melanoma
ISIC_0000164,melanoma
ISIC_0000165,melanoma
ISIC_0000166,melanoma
ISIC_0000167,melanoma
ISIC_0000169,melanoma
ISIC_0000170,melanoma
ISIC_0000171,melanoma
ISIC_0000172,melanoma
ISIC_0000173,melanoma
ISIC_0000175,melanoma
ISIC_0000176,melanoma
ISIC_0000177,nevus
ISIC_0000179,nevus
ISIC_0000181,nevus
ISIC_0000182,nevus
ISIC_0000183,nevus
ISIC_0000184,nevus
ISIC_0000185,nevus
ISIC_0000186,nevus
ISIC_0000187,nevus
ISIC_0000188,nevus
ISIC_0000189,nevus
ISIC_0000190,nevus
ISIC_0000191,nevus
ISIC_0000192,nevus
ISIC_0000193,nevus
ISIC_0000196,nevus
ISIC_0000197,nevus
ISIC_0000198,nevus
ISIC_0000199,nevus
ISIC_0000200,nevus
ISIC_0000201,nevus
ISIC_0000202,nevus
ISIC_0000203,nevus
ISIC_0000204,nevus
ISIC_0000205,nevus
ISIC_0000206,nevus
ISIC_0000207,nevus
ISIC_0000208,nevus
ISIC_0000209,nevus
ISIC_0000210,nevus
ISIC_0000211,nevus
ISIC_0000212,nevus
ISIC_0000213,nevus
ISIC_0000214,nevus
ISIC_0000215,nevus
ISIC_0000216,nevus
ISIC_0000217,nevus
ISIC_0000218,nevus
ISIC_0000219,nevus
ISIC_0000220,nevus
ISIC_0000221,nevus
ISIC_0000222,nevus
ISIC_0000223,nevus
ISIC_0000224,nevus
ISIC_0000225,nevus
ISIC_0000226,nevus
ISIC_0000227,nevus
ISIC_0000228,nevus
ISIC_0000229,nevus
ISIC_0000230,nevus
ISIC_0000231,nevus
ISIC_0000232,nevus
ISIC_0000233,nevus
ISIC_0000234,nevus
ISIC_0000235,nevus
ISIC_0000236,nevus
ISIC_0000239,nevus
ISIC_0000240,nevus
ISIC_0000242,nevus
ISIC_0000243,nevus
ISIC_0000244,nevus
ISIC_0000245,nevus
ISIC_0000246,nevus
ISIC_0000247,nevus
ISIC_0000249,nevus
ISIC_0000250,nevus
ISIC_0000251,nevus
ISIC_0000252,nevus
ISIC_0000253,nevus
ISIC_0000254,nevus
ISIC_0000255,nevus
ISIC_0000256,nevus
ISIC_0000258,nevus
ISIC_0000259,nevus
ISIC_0000260,nevus
ISIC_0000261,nevus
ISIC_0000262,nevus
ISIC_0000263,nevus
ISIC_0000264,nevus
ISIC_0000265,nevus
ISIC_0000268,nevus
ISIC_0000269,nevus
ISIC_0000271,nevus
ISIC_0000274,nevus
ISIC_0000275,nevus
ISIC_0000276,melanoma
ISIC_0000277,melanoma
ISIC_0000278,melanoma
ISIC_0000279,melanoma
ISIC_0000281,melanoma
ISIC_0000282,melanoma
ISIC_0000283,melanoma
ISIC_0000287,melanoma
ISIC_0000288,melanoma
ISIC_0000290,melanoma
ISIC_0000292,melanoma
ISIC_0000293,melanoma
ISIC_0000294,melanoma
ISIC_0000295,melanoma
ISIC_0000297,melanoma
ISIC_0000298,melanoma
ISIC_0000299,melanoma
ISIC_0000300,melanoma
ISIC_0000301,melanoma
ISIC_0000303,melanoma
ISIC_0000306,melanoma
ISIC_0000307,melanoma
ISIC_0000310,melanoma
ISIC_0000311,melanoma
ISIC_0000313,melanoma
ISIC_0000314,melanoma
ISIC_0000315,nevus
ISIC_0000316,nevus
ISIC_0000317,nevus
ISIC_0000319,nevus
ISIC_0000320,nevus
ISIC_0000321,nevus
ISIC_0000322,nevus
ISIC_0000323,nevus
ISIC_0000324,nevus
ISIC_0000325,nevus
ISIC_0000326,nevus
ISIC_0000327,nevus
ISIC_0000328,nevus
ISIC_0000329,nevus
ISIC_0000330,nevus
ISIC_0000331,nevus
ISIC_0000332,nevus
ISIC_0000336,nevus
ISIC_0000337,nevus
ISIC_0000338,nevus
ISIC_0000339,nevus
ISIC_0000340,nevus
ISIC_0000341,nevus
ISIC_0000342,nevus
ISIC_0000343,nevus
ISIC_0000344,nevus
ISIC_0000345,nevus
ISIC_0000346,nevus
ISIC_0000348,nevus
ISIC_0000349,nevus
ISIC_0000350,nevus
ISIC_0000351,nevus
ISIC_0000352,nevus
ISIC_0000353,nevus
ISIC_0000354,nevus
ISIC_0000355,nevus
ISIC_0000357,nevus
ISIC_0000358,nevus
ISIC_0000359,nevus
ISIC_0000360,nevus
ISIC_0000361,nevus
ISIC_0000363,nevus
ISIC_0000364,nevus
ISIC_0000365,nevus
ISIC_0000366,nevus
ISIC_0000367,nevus
ISIC_0000368,nevus
ISIC_0000370,nevus
ISIC_0000372,nevus
ISIC_0000374,nevus
ISIC_0000376,nevus
ISIC_0000377,nevus
ISIC_0000378,nevus
ISIC_0000379,nevus
ISIC_0000380,nevus
ISIC_0000381,nevus
ISIC_0000382,nevus
ISIC_0000383,nevus
ISIC_0000384,nevus
ISIC_0000385,nevus
ISIC_0000386,nevus
ISIC_0000387,nevus
ISIC_0000388,nevus
ISIC_0000390,melanoma
ISIC_0000391,nevus
ISIC_0000392,nevus
ISIC_0000393,melanoma
ISIC_0000395,melanoma
ISIC_0000396,nevus
ISIC_0000397,nevus
ISIC_0000403,nevus
ISIC_0000407,nevus
ISIC_0000408,nevus
ISIC_0000409,nevus
ISIC_0000410,melanoma
ISIC_0000412,melanoma
ISIC_0000413,melanoma
ISIC_0000415,melanoma
ISIC_0000416,nevus
ISIC_0000418,nevus
ISIC_0000419,nevus
ISIC_0000420,melanoma
ISIC_0000421,nevus
ISIC_0000423,nevus
ISIC_0000425,nevus
ISIC_0000426,nevus
ISIC_0000427,nevus
ISIC_0000431,nevus
ISIC_0000433,nevus
ISIC_0000434,melanoma
ISIC_0000436,nevus
ISIC_0000439,nevus
ISIC_0000442,nevus
ISIC_0000443,nevus
ISIC_0000444,melanoma
ISIC_0000447,nevus
ISIC_0000448,nevus
ISIC_0000449,nevus
ISIC_0000451,nevus
ISIC_0000453,nevus
ISIC_0000455,nevus
ISIC_0000456,nevus
ISIC_0000457,nevus
ISIC_0000458,nevus
ISIC_0000460,nevus
ISIC_0000461,nevus
ISIC_0000463,melanoma
ISIC_0000465,nevus
ISIC_0000466,melanoma
ISIC_0000469,melanoma
ISIC_0000470,nevus
ISIC_0000471,nevus
ISIC_0000473,nevus
ISIC_0000474,nevus
ISIC_0000476,nevus
ISIC_0000477,nevus
ISIC_0000479,nevus
ISIC_0000480,nevus
ISIC_0000481,nevus
ISIC_0000482,melanoma
ISIC_0000483,nevus
ISIC_0000484,melanoma
ISIC_0000485,nevus
ISIC_0000486,nevus
ISIC_0000487,melanoma
ISIC_0000488,nevus
ISIC_0000489,nevus
ISIC_0000490,nevus
ISIC_0000491,nevus
ISIC_0000492,nevus
ISIC_0000493,nevus
ISIC_0000494,nevus
ISIC_0000495,nevus
ISIC_0000496,nevus
ISIC_0000498,nevus
ISIC_0000499,nevus
ISIC_0000500,nevus
ISIC_0000501,nevus
ISIC_0000503,nevus
ISIC_0000504,nevus
ISIC_0000505,nevus
ISIC_0000506,nevus
ISIC_0000507,nevus
ISIC_0000508,nevus
ISIC_0000509,nevus
ISIC_0000510,nevus
ISIC_0000511,melanoma
ISIC_0000513,melanoma
ISIC_0000514,nevus
ISIC_0000515,nevus
ISIC_0000517,melanoma
ISIC_0000518,melanoma
ISIC_0000519,melanoma
ISIC_0000520,melanoma
ISIC_0000521,melanoma
ISIC_0000522,melanoma
ISIC_0000523,nevus
ISIC_0000524,nevus
ISIC_0000525,nevus
ISIC_0000527,nevus
ISIC_0000528,nevus
ISIC_0000529,nevus
ISIC_0000530,nevus
ISIC_0000531,melanoma
ISIC_0000532,nevus
ISIC_0000533,melanoma
ISIC_0000534,nevus
ISIC_0000535,nevus
ISIC_0000536,nevus
ISIC_0000537,nevus
ISIC_0000538,nevus
ISIC_0000539,nevus
ISIC_0000540,nevus
ISIC_0000541,nevus
ISIC_0000542,nevus
ISIC_0000543,nevus
ISIC_0000544,nevus
ISIC_0000545,nevus
ISIC_0000546,nevus
ISIC_0000547,melanoma
ISIC_0000548,melanoma
ISIC_0000549,melanoma
ISIC_0000550,melanoma
ISIC_0000552,melanoma
ISIC_0000554,melanoma
ISIC_0000555,melanoma
ISIC_0000556,nevus
ISIC_0000882,nevus
ISIC_0000900,nevus
ISIC_0000999,nevus
ISIC_0001100,melanoma
ISIC_0001102,melanoma
ISIC_0001103,melanoma
ISIC_0001105,melanoma
ISIC_0001106,melanoma
ISIC_0001118,melanoma
ISIC_0001119,melanoma
ISIC_0001126,melanoma
ISIC_0001128,melanoma
ISIC_0001131,melanoma
ISIC_0001133,melanoma
ISIC_0001134,melanoma
ISIC_0001140,melanoma
ISIC_0001142,melanoma
ISIC_0001148,melanoma
ISIC_0001152,melanoma
ISIC_0001163,nevus
ISIC_0001181,nevus
ISIC_0001184,nevus
ISIC_0001185,nevus
ISIC_0001186,nevus
ISIC_0001188,nevus
ISIC_0001190,nevus
ISIC_0001191,nevus
ISIC_0001204,nevus
ISIC_0001212,nevus
ISIC_0001213,nevus
ISIC_0001216,nevus
ISIC_0001242,nevus
ISIC_0001247,nevus
ISIC_0001254,nevus
ISIC_0001262,nevus
ISIC_0001267,nevus
ISIC_0001275,nevus
ISIC_0001286,nevus
ISIC_0001292,nevus
ISIC_0001296,nevus
ISIC_0001299,nevus
ISIC_0001306,nevus
ISIC_0001367,nevus
ISIC_0001372,nevus
ISIC_0001374,nevus
ISIC_0001385,nevus
ISIC_0001423,nevus
ISIC_0001427,nevus
ISIC_0001442,nevus
ISIC_0001449,nevus
ISIC_0001769,nevus
ISIC_0001852,nevus
ISIC_0001871,nevus
ISIC_0001960,nevus
ISIC_0002093,nevus
ISIC_0002107,nevus
ISIC_0002206,nevus
ISIC_0002246,nevus
ISIC_0002251,nevus
ISIC_0002287,nevus
ISIC_0002353,nevus
ISIC_0002374,nevus
ISIC_0002438,nevus
ISIC_0002439,nevus
ISIC_0002453,nevus
ISIC_0002459,nevus
ISIC_0002469,nevus
ISIC_0002476,nevus
ISIC_0002488,nevus
ISIC_0002489,nevus
ISIC_0002616,nevus
ISIC_0002647,nevus
ISIC_0002673,nevus
ISIC_0002780,nevus
ISIC_0002806,nevus
ISIC_0002829,nevus
ISIC_0002836,nevus
ISIC_0002871,nevus
ISIC_0002879,nevus
ISIC_0002885,nevus
ISIC_0002948,nevus
ISIC_0002975,nevus
ISIC_0002976,nevus
ISIC_0003005,nevus
ISIC_0003056,nevus
ISIC_0003174,nevus
ISIC_0003308,nevus
ISIC_0003346,nevus
ISIC_0003462,nevus
ISIC_0003539,nevus
ISIC_0003559,nevus
ISIC_0003582,nevus
ISIC_0003657,nevus
ISIC_0003728,nevus
ISIC_0003805,nevus
ISIC_0004110,nevus
ISIC_0004115,nevus
ISIC_0004168,nevus
ISIC_0004309,nevus
ISIC_0004337,nevus
ISIC_0004346,nevus
ISIC_0004715,nevus
ISIC_0004985,nevus
ISIC_0005000,nevus
ISIC_0005187,nevus
ISIC_0005247,nevus
ISIC_0005548,nevus
ISIC_0005555,nevus
ISIC_0005620,nevus
ISIC_0005639,nevus
ISIC_0005666,nevus
ISIC_0005787,nevus
ISIC_0006021,nevus
ISIC_0006114,nevus
ISIC_0006193,nevus
ISIC_0006350,nevus
ISIC_0006612,nevus
ISIC_0006651,nevus
ISIC_0006671,nevus
ISIC_0006711,nevus
ISIC_0006776,nevus
ISIC_0006795,nevus
ISIC_0006800,nevus
ISIC_0006815,nevus
ISIC_0006914,nevus
ISIC_0006940,nevus
ISIC_0006982,nevus
ISIC_0007038,nevus
ISIC_0007087,nevus
ISIC_0007141,nevus
ISIC_0007156,nevus
ISIC_0007241,nevus
ISIC_0007322,nevus
ISIC_0007332,nevus
ISIC_0007344,nevus
ISIC_0007475,nevus
ISIC_0007528,nevus
ISIC_0007557,nevus
ISIC_0007693,nevus
ISIC_0007760,nevus
ISIC_0007788,nevus
ISIC_0007796,nevus
ISIC_0008029,nevus
ISIC_0008116,nevus
ISIC_0008145,nevus
ISIC_0008207,nevus
ISIC_0008236,nevus
ISIC_0008256,nevus
ISIC_0008280,nevus
ISIC_0008294,nevus
ISIC_0008347,nevus
ISIC_0008396,nevus
ISIC_0008403,nevus
ISIC_0008406,nevus
ISIC_0008507,nevus
ISIC_0008524,nevus
ISIC_0008528,nevus
ISIC_0008541,nevus
ISIC_0008552,nevus
ISIC_0008600,nevus
ISIC_0008626,nevus
ISIC_0008659,nevus
ISIC_0008785,nevus
ISIC_0008807,nevus
ISIC_0008879,nevus
ISIC_0008913,nevus
ISIC_0008992,nevus
ISIC_0008993,nevus
ISIC_0008998,nevus
ISIC_0009035,nevus
ISIC_0009078,nevus
ISIC_0009083,nevus
ISIC_0009160,nevus
ISIC_0009165,nevus
ISIC_0009188,nevus
ISIC_0009201,nevus
ISIC_0009252,nevus
ISIC_0009297,nevus
ISIC_0009298,nevus
ISIC_0009344,nevus
ISIC_0009430,nevus
ISIC_0009504,nevus
ISIC_0009533,nevus
ISIC_0009564,nevus
ISIC_0009583,nevus
ISIC_0009599,nevus
ISIC_0009758,nevus
ISIC_0009800,nevus
ISIC_0009860,nevus
ISIC_0009868,melanoma
ISIC_0009869,nevus
ISIC_0009873,nevus
ISIC_0009874,nevus
ISIC_0009875,nevus
ISIC_0009877,nevus
ISIC_0009879,nevus
ISIC_0009880,nevus
ISIC_0009881,nevus
ISIC_0009883,nevus
ISIC_0009884,nevus
ISIC_0009885,nevus
ISIC_0009888,nevus
ISIC_0009889,nevus
ISIC_0009891,nevus
ISIC_0009895,nevus
ISIC_0009896,nevus
ISIC_0009897,melanoma
ISIC_0009898,melanoma
ISIC_0009899,nevus
ISIC_0009901,nevus
ISIC_0009902,nevus
ISIC_0009904,nevus
ISIC_0009906,nevus
ISIC_0009909,nevus
ISIC_0009910,melanoma
ISIC_0009914,nevus
ISIC_0009915,nevus
ISIC_0009917,nevus
ISIC_0009918,melanoma
ISIC_0009919,nevus
ISIC_0009920,nevus
ISIC_0009921,nevus
ISIC_0009923,nevus
ISIC_0009925,nevus
ISIC_0009927,melanoma
ISIC_0009928,nevus
ISIC_0009929,nevus
ISIC_0009930,nevus
ISIC_0009931,nevus
ISIC_0009932,nevus
ISIC_0009933,nevus
ISIC_0009934,melanoma
ISIC_0009935,nevus
ISIC_0009936,nevus
ISIC_0009937,nevus
ISIC_0009938,nevus
ISIC_0009939,nevus
ISIC_0009940,nevus
ISIC_0009941,nevus
ISIC_0009942,nevus
ISIC_0009943,nevus
ISIC_0009944,nevus
ISIC_0009945,nevus
ISIC_0009946,nevus
ISIC_0009947,nevus
ISIC_0009948,nevus
ISIC_0009949,nevus
ISIC_0009950,melanoma
ISIC_0009951,nevus
ISIC_0009953,nevus
ISIC_0009954,nevus
ISIC_0009955,melanoma
ISIC_0009956,nevus
ISIC_0009958,nevus
ISIC_0009960,melanoma
ISIC_0009961,nevus
ISIC_0009962,nevus
ISIC_0009964,nevus
ISIC_0009965,nevus
ISIC_0009966,nevus
ISIC_0009967,nevus
ISIC_0009969,nevus
ISIC_0009970,nevus
ISIC_0009971,melanoma
ISIC_0009972,nevus
ISIC_0009973,nevus
ISIC_0009974,nevus
ISIC_0009975,nevus
ISIC_0009976,nevus
ISIC_0009977,nevus
ISIC_0009978,nevus
ISIC_0009979,nevus
ISIC_0009980,nevus
ISIC_0009981,nevus
ISIC_0009982,nevus
ISIC_0009987,nevus
ISIC_0009988,nevus
ISIC_0009990,nevus
ISIC_0009991,nevus
ISIC_0009992,melanoma
ISIC_0009993,melanoma
ISIC_0009994,nevus
ISIC_0009995,nevus
ISIC_0009998,nevus
ISIC_0010000,melanoma
ISIC_0010002,nevus
ISIC_0010003,nevus
ISIC_0010005,nevus
ISIC_0010006,nevus
ISIC_0010009,nevus
ISIC_0010010,nevus
ISIC_0010011,melanoma
ISIC_0010013,nevus
ISIC_0010014,nevus
ISIC_0010015,nevus
ISIC_0010016,melanoma
ISIC_0010017,nevus
ISIC_0010018,nevus
ISIC_0010019,nevus
ISIC_0010020,nevus
ISIC_0010021,nevus
ISIC_0010022,nevus
ISIC_0010023,melanoma
ISIC_0010024,melanoma
ISIC_0010025,nevus
ISIC_0010028,nevus
ISIC_0010029,melanoma
ISIC_0010032,nevus
ISIC_0010034,melanoma
ISIC_0010036,melanoma
ISIC_0010037,nevus
ISIC_0010038,nevus
ISIC_0010041,nevus
ISIC_0010042,nevus
ISIC_0010043,nevus
ISIC_0010044,nevus
ISIC_0010046,nevus
ISIC_0010047,nevus
ISIC_0010053,nevus
ISIC_0010054,melanoma
ISIC_0010055,nevus
ISIC_0010056,melanoma
ISIC_0010057,nevus
ISIC_0010058,nevus
ISIC_0010059,nevus
ISIC_0010060,nevus
ISIC_0010061,nevus
ISIC_0010062,nevus
ISIC_0010063,nevus
ISIC_0010064,nevus
ISIC_0010066,nevus
ISIC_0010067,melanoma
ISIC_0010069,nevus
ISIC_0010070,nevus
ISIC_0010071,nevus
ISIC_0010073,nevus
ISIC_0010074,nevus
ISIC_0010075,nevus
ISIC_0010077,nevus
ISIC_0010078,nevus
ISIC_0010081,melanoma
ISIC_0010086,nevus
ISIC_0010088,nevus
ISIC_0010089,melanoma
ISIC_0010090,nevus
ISIC_0010092,nevus
ISIC_0010093,nevus
ISIC_0010094,melanoma
ISIC_0010100,nevus
ISIC_0010102,nevus
ISIC_0010104,nevus
ISIC_0010105,nevus
ISIC_0010168,nevus
ISIC_0010169,nevus
ISIC_0010171,melanoma
ISIC_0010173,nevus
ISIC_0010174,melanoma
ISIC_0010175,melanoma
ISIC_0010176,nevus
ISIC_0010177,nevus
ISIC_0010178,nevus
ISIC_0010180,nevus
ISIC_0010182,nevus
ISIC_0010183,nevus
ISIC_0010184,nevus
ISIC_0010185,nevus
ISIC_0010186,nevus
ISIC_0010187,nevus
ISIC_0010189,melanoma
ISIC_0010190,nevus
ISIC_0010191,nevus
ISIC_0010192,nevus
ISIC_0010194,melanoma
ISIC_0010201,nevus
ISIC_0010202,nevus
ISIC_0010204,nevus
ISIC_0010205,nevus
ISIC_0010206,nevus
ISIC_0010207,melanoma
ISIC_0010212,nevus
ISIC_0010213,nevus
ISIC_0010215,nevus
ISIC_0010216,nevus
ISIC_0010219,nevus
ISIC_0010220,nevus
ISIC_0010222,nevus
ISIC_0010225,melanoma
ISIC_0010226,nevus
ISIC_0010227,nevus
ISIC_0010228,nevus
ISIC_0010229,nevus
ISIC_0010231,melanoma
ISIC_0010232,nevus
ISIC_0010233,nevus
ISIC_0010234,nevus
ISIC_0010235,melanoma
ISIC_0010236,nevus
ISIC_0010237,nevus
ISIC_0010238,nevus
ISIC_0010239,nevus
ISIC_0010240,melanoma
ISIC_0010241,melanoma
ISIC_0010244,nevus
ISIC_0010247,nevus
ISIC_0010248,nevus
ISIC_0010249,nevus
ISIC_0010251,melanoma
ISIC_0010252,nevus
ISIC_0010255,nevus
ISIC_0010256,nevus
ISIC_0010257,nevus
ISIC_0010262,nevus
ISIC_0010263,nevus
ISIC_0010264,nevus
ISIC_0010265,melanoma
ISIC_0010267,melanoma
ISIC_0010317,nevus
ISIC_0010318,nevus
ISIC_0010319,melanoma
ISIC_0010320,nevus
ISIC_0010321,melanoma
ISIC_0010322,melanoma
ISIC_0010323,nevus
ISIC_0010326,nevus
ISIC_0010327,nevus
ISIC_0010329,melanoma
ISIC_0010330,nevus
ISIC_0010332,nevus
ISIC_0010333,nevus
ISIC_0010334,nevus
ISIC_0010335,nevus
ISIC_0010336,nevus
ISIC_0010337,nevus
ISIC_0010339,nevus
ISIC_0010340,nevus
ISIC_0010341,nevus
ISIC_0010342,nevus
ISIC_0010344,nevus
ISIC_0010346,nevus
ISIC_0010347,nevus
ISIC_0010348,nevus
ISIC_0010349,melanoma
ISIC_0010350,melanoma
ISIC_0010351,nevus
ISIC_0010356,nevus
ISIC_0010357,nevus
ISIC_0010358,melanoma
ISIC_0010360,melanoma
ISIC_0010361,nevus
ISIC_0010362,nevus
ISIC_0010364,melanoma
ISIC_0010365,nevus
ISIC_0010367,nevus
ISIC_0010368,nevus
ISIC_0010370,nevus
ISIC_0010372,melanoma
ISIC_0010374,nevus
ISIC_0010379,melanoma
ISIC_0010380,melanoma
ISIC_0010382,nevus
ISIC_0010435,nevus
ISIC_0010439,nevus
ISIC_0010441,melanoma
ISIC_0010442,nevus
ISIC_0010443,nevus
ISIC_0010444,nevus
ISIC_0010445,nevus
ISIC_0010447,nevus
ISIC_0010448,nevus
ISIC_0010449,nevus
ISIC_0010452,nevus
ISIC_0010455,nevus
ISIC_0010456,nevus
ISIC_0010457,nevus
ISIC_0010458,nevus
ISIC_0010459,nevus
ISIC_0010461,nevus
ISIC_0010462,nevus
ISIC_0010463,nevus
ISIC_0010465,nevus
ISIC_0010466,melanoma
ISIC_0010467,nevus
ISIC_0010468,melanoma
ISIC_0010472,nevus
ISIC_0010473,nevus
ISIC_0010474,nevus
ISIC_0010475,nevus
ISIC_0010476,melanoma
ISIC_0010477,nevus
ISIC_0010479,nevus
ISIC_0010480,nevus
ISIC_0010481,nevus
ISIC_0010483,nevus
ISIC_0010487,nevus
ISIC_0010488,nevus
ISIC_0010490,nevus
ISIC_0010492,nevus
ISIC_0010493,nevus
ISIC_0010494,nevus
ISIC_0010496,nevus
ISIC_0010497,nevus
ISIC_0010498,nevus
ISIC_0010552,nevus
ISIC_0010553,nevus
ISIC_0010554,nevus
ISIC_0010557,nevus
ISIC_0010558,nevus
ISIC_0010562,nevus
ISIC_0010565,nevus
ISIC_0010566,nevus
ISIC_0010567,nevus
ISIC_0010568,nevus
ISIC_0010569,nevus
ISIC_0010570,nevus
ISIC_0010571,nevus
ISIC_0010572,nevus
ISIC_0010573,nevus
ISIC_0010574,nevus
ISIC_0010576,melanoma
ISIC_0010581,nevus
ISIC_0010584,nevus
ISIC_0010585,nevus
ISIC_0010587,melanoma
ISIC_0010588,nevus
ISIC_0010589,nevus
ISIC_0010590,nevus
ISIC_0010591,melanoma
ISIC_0010592,nevus
ISIC_0010593,nevus
ISIC_0010595,nevus
ISIC_0010596,melanoma
ISIC_0010597,melanoma
ISIC_0010598,nevus
ISIC_0010599,nevus
ISIC_0010602,nevus
ISIC_0010603,nevus
ISIC_0010604,nevus
ISIC_0010605,nevus
ISIC_0010606,nevus
ISIC_0010607,nevus
ISIC_0010844,nevus
ISIC_0010846,nevus
ISIC_0010847,nevus
ISIC_0010848,nevus
ISIC_0010849,nevus
ISIC_0010850,nevus
ISIC_0010851,nevus
ISIC_0010852,melanoma
ISIC_0010853,nevus
ISIC_0010854,nevus
ISIC_0010856,nevus
ISIC_0010857,nevus
ISIC_0010858,nevus
ISIC_0010860,melanoma
ISIC_0010861,nevus
ISIC_0010862,melanoma
ISIC_0010863,melanoma
ISIC_0010864,nevus
ISIC_0011079,nevus
ISIC_0011081,nevus
ISIC_0011082,nevus
ISIC_0011083,nevus
ISIC_0011084,nevus
ISIC_0011085,nevus
ISIC_0011088,nevus
ISIC_0011089,nevus
ISIC_0011090,nevus
ISIC_0011092,nevus
ISIC_0011095,melanoma
ISIC_0011097,nevus
ISIC_0011098,nevus
ISIC_0011099,melanoma
ISIC_0011101,nevus
ISIC_0011102,nevus
ISIC_0011104,nevus
ISIC_0011105,nevus
ISIC_0011107,nevus
ISIC_0011109,nevus
ISIC_0011110,nevus
ISIC_0011112,melanoma
ISIC_0011114,nevus
ISIC_0011115,nevus
ISIC_0011117,nevus
ISIC_0011118,melanoma
ISIC_0011119,nevus
ISIC_0011120,nevus
ISIC_0011121,melanoma
ISIC_0011123,nevus
ISIC_0011124,nevus
ISIC_0011127,nevus
ISIC_0011128,melanoma
ISIC_0011129,nevus
ISIC_0011130,melanoma
ISIC_0011131,nevus
ISIC_0011132,melanoma
ISIC_0011135,melanoma
ISIC_0011137,melanoma
ISIC_0011139,melanoma
ISIC_0011140,melanoma
ISIC_0011143,nevus
ISIC_0011144,nevus
ISIC_0011146,nevus
ISIC_0011149,nevus
ISIC_0011150,nevus
ISIC_0011151,melanoma
ISIC_0011155,nevus
ISIC_0011156,nevus
ISIC_0011157,nevus
ISIC_0011158,melanoma
ISIC_0011159,nevus
ISIC_0011161,melanoma
ISIC_0011162,nevus
ISIC_0011163,melanoma
ISIC_0011164,nevus
ISIC_0011165,nevus
ISIC_0011166,melanoma
ISIC_0011167,nevus
ISIC_0011168,nevus
ISIC_0011169,melanoma
ISIC_0011170,nevus
ISIC_0011171,nevus
ISIC_0011173,nevus
ISIC_0011176,melanoma
ISIC_0011177,nevus
ISIC_0011199,nevus
ISIC_0011202,nevus
ISIC_0011203,nevus
ISIC_0011204,nevus
ISIC_0011205,nevus
ISIC_0011207,nevus
ISIC_0011208,nevus
ISIC_0011210,melanoma
ISIC_0011211,nevus
ISIC_0011212,nevus
ISIC_0011213,nevus
ISIC_0011214,nevus
ISIC_0011218,nevus
ISIC_0011219,nevus
ISIC_0011220,nevus
ISIC_0011223,nevus
ISIC_0011224,nevus
ISIC_0011225,nevus
ISIC_0011227,nevus
ISIC_0011228,nevus
ISIC_0011229,nevus
ISIC_0011230,nevus
ISIC_0011292,nevus
ISIC_0011294,nevus
ISIC_0011295,melanoma
ISIC_0011296,nevus
ISIC_0011297,nevus
ISIC_0011298,nevus
ISIC_0011300,nevus
ISIC_0011301,nevus
ISIC_0011303,nevus
ISIC_0011304,nevus
ISIC_0011305,melanoma
ISIC_0011306,nevus
ISIC_0011315,melanoma
ISIC_0011317,nevus
ISIC_0011322,nevus
ISIC_0011323,nevus
ISIC_0011324,nevus
ISIC_0011326,nevus
ISIC_0011327,nevus
ISIC_0011328,nevus
ISIC_0011329,melanoma
ISIC_0011330,nevus
ISIC_0011333,nevus
ISIC_0011334,melanoma
ISIC_0011336,nevus
ISIC_0011338,nevus
ISIC_0011339,nevus
ISIC_0011341,nevus
ISIC_0011343,nevus
ISIC_0011344,melanoma
ISIC_0011345,nevus
ISIC_0011347,nevus
ISIC_0011348,melanoma
ISIC_0011349,melanoma
ISIC_0011352,nevus
ISIC_0011353,nevus
ISIC_0011356,melanoma
ISIC_0011357,nevus
ISIC_0011358,nevus
ISIC_0011359,nevus
ISIC_0011360,nevus
ISIC_0011361,nevus
ISIC_0011362,nevus
ISIC_0011363,nevus
ISIC_0011366,melanoma
ISIC_0011367,nevus
ISIC_0011372,nevus
ISIC_0011373,nevus
ISIC_0011374,melanoma
ISIC_0011378,nevus
ISIC_0011382,nevus
ISIC_0011383,nevus
ISIC_0011384,nevus
ISIC_0011385,nevus
ISIC_0011386,nevus
ISIC_0011387,melanoma
ISIC_0011390,melanoma
ISIC_0011393,nevus
ISIC_0011397,nevus
ISIC_0011398,nevus
ISIC_0011402,nevus
ISIC_0012086,seborrheic_keratosis
ISIC_0012089,nevus
ISIC_0012090,seborrheic_keratosis
ISIC_0012092,nevus
ISIC_0012094,nevus
ISIC_0012095,nevus
ISIC_0012097,nevus
ISIC_0012099,melanoma
ISIC_0012102,nevus
ISIC_0012105,nevus
ISIC_0012107,nevus
ISIC_0012108,nevus
ISIC_0012109,nevus
ISIC_0012116,nevus
ISIC_0012118,nevus
ISIC_0012126,nevus
ISIC_0012127,nevus
ISIC_0012134,seborrheic_keratosis
ISIC_0012135,nevus
ISIC_0012136,seborrheic_keratosis
ISIC_0012137,melanoma
ISIC_0012143,seborrheic_keratosis
ISIC_0012147,nevus
ISIC_0012148,nevus
ISIC_0012149,nevus
ISIC_0012151,melanoma
ISIC_0012155,seborrheic_keratosis
ISIC_0012156,nevus
ISIC_0012159,nevus
ISIC_0012160,nevus
ISIC_0012164,nevus
ISIC_0012167,nevus
ISIC_0012173,seborrheic_keratosis
ISIC_0012177,nevus
ISIC_0012178,seborrheic_keratosis
ISIC_0012179,nevus
ISIC_0012182,nevus
ISIC_0012187,nevus
ISIC_0012191,nevus
ISIC_0012201,nevus
ISIC_0012203,nevus
ISIC_0012204,seborrheic_keratosis
ISIC_0012205,nevus
ISIC_0012206,nevus
ISIC_0012207,seborrheic_keratosis
ISIC_0012208,melanoma
ISIC_0012210,seborrheic_keratosis
ISIC_0012211,nevus
ISIC_0012212,nevus
ISIC_0012213,nevus
ISIC_0012216,nevus
ISIC_0012221,nevus
ISIC_0012222,nevus
ISIC_0012223,seborrheic_keratosis
ISIC_0012224,seborrheic_keratosis
ISIC_0012227,seborrheic_keratosis
ISIC_0012228,nevus
ISIC_0012230,nevus
ISIC_0012232,nevus
ISIC_0012233,nevus
ISIC_0012235,nevus
ISIC_0012238,seborrheic_keratosis
ISIC_0012245,seborrheic_keratosis
ISIC_0012246,nevus
ISIC_0012248,seborrheic_keratosis
ISIC_0012250,nevus
ISIC_0012253,nevus
ISIC_0012256,nevus
ISIC_0012257,nevus
ISIC_0012258,melanoma
ISIC_0012259,nevus
ISIC_0012260,nevus
ISIC_0012261,nevus
ISIC_0012263,nevus
ISIC_0012266,seborrheic_keratosis
ISIC_0012268,nevus
ISIC_0012271,nevus
ISIC_0012272,seborrheic_keratosis
ISIC_0012273,seborrheic_keratosis
ISIC_0012278,nevus
ISIC_0012281,nevus
ISIC_0012282,seborrheic_keratosis
ISIC_0012284,nevus
ISIC_0012285,nevus
ISIC_0012288,melanoma
ISIC_0012290,melanoma
ISIC_0012298,melanoma
ISIC_0012299,seborrheic_keratosis
ISIC_0012303,nevus
ISIC_0012306,nevus
ISIC_0012309,nevus
ISIC_0012311,nevus
ISIC_0012313,nevus
ISIC_0012314,seborrheic_keratosis
ISIC_0012316,nevus
ISIC_0012318,nevus
ISIC_0012320,nevus
ISIC_0012323,seborrheic_keratosis
ISIC_0012324,nevus
ISIC_0012325,nevus
ISIC_0012329,seborrheic_keratosis
ISIC_0012330,seborrheic_keratosis
ISIC_0012332,nevus
ISIC_0012333,nevus
ISIC_0012334,nevus
ISIC_0012335,nevus
ISIC_0012338,nevus
ISIC_0012342,seborrheic_keratosis
ISIC_0012348,melanoma
ISIC_0012351,nevus
ISIC_0012356,melanoma
ISIC_0012357,nevus
ISIC_0012358,seborrheic_keratosis
ISIC_0012360,nevus
ISIC_0012363,nevus
ISIC_0012369,melanoma
ISIC_0012372,seborrheic_keratosis
ISIC_0012374,nevus
ISIC_0012376,nevus
ISIC_0012378,nevus
ISIC_0012379,seborrheic_keratosis
ISIC_0012381,nevus
ISIC_0012382,melanoma
ISIC_0012384,nevus
ISIC_0012390,seborrheic_keratosis
ISIC_0012391,melanoma
ISIC_0012395,melanoma
ISIC_0012400,nevus
ISIC_0012406,nevus
ISIC_0012413,nevus
ISIC_0012415,seborrheic_keratosis
ISIC_0012417,seborrheic_keratosis
ISIC_0012425,melanoma
ISIC_0012432,seborrheic_keratosis
ISIC_0012434,melanoma
ISIC_0012435,melanoma
ISIC_0012442,nevus
ISIC_0012445,nevus
ISIC_0012447,seborrheic_keratosis
ISIC_0012448,seborrheic_keratosis
ISIC_0012450,melanoma
ISIC_0012453,nevus
ISIC_0012455,seborrheic_keratosis
ISIC_0012464,nevus
ISIC_0012469,seborrheic_keratosis
ISIC_0012473,seborrheic_keratosis
ISIC_0012475,seborrheic_keratosis
ISIC_0012478,seborrheic_keratosis
ISIC_0012481,nevus
ISIC_0012484,nevus
ISIC_0012487,nevus
ISIC_0012489,nevus
ISIC_0012493,nevus
ISIC_0012494,nevus
ISIC_0012495,nevus
ISIC_0012496,nevus
ISIC_0012503,nevus
ISIC_0012506,nevus
ISIC_0012508,nevus
ISIC_0012510,seborrheic_keratosis
ISIC_0012511,nevus
ISIC_0012512,melanoma
ISIC_0012516,seborrheic_keratosis
ISIC_0012517,seborrheic_keratosis
ISIC_0012518,nevus
ISIC_0012520,nevus
ISIC_0012521,nevus
ISIC_0012523,nevus
ISIC_0012526,nevus
ISIC_0012529,nevus
ISIC_0012538,nevus
ISIC_0012539,nevus
ISIC_0012544,nevus
ISIC_0012547,nevus
ISIC_0012548,seborrheic_keratosis
ISIC_0012549,nevus
ISIC_0012550,nevus
ISIC_0012551,nevus
ISIC_0012653,nevus
ISIC_0012654,nevus
ISIC_0012655,nevus
ISIC_0012656,nevus
ISIC_0012657,nevus
ISIC_0012658,nevus
ISIC_0012659,nevus
ISIC_0012660,nevus
ISIC_0012661,seborrheic_keratosis
ISIC_0012662,nevus
ISIC_0012663,nevus
ISIC_0012664,nevus
ISIC_0012665,nevus
ISIC_0012666,seborrheic_keratosis
ISIC_0012669,nevus
ISIC_0012670,nevus
ISIC_0012671,nevus
ISIC_0012672,nevus
ISIC_0012673,nevus
ISIC_0012674,nevus
ISIC_0012675,nevus
ISIC_0012676,nevus
ISIC_0012677,nevus
ISIC_0012678,melanoma
ISIC_0012679,nevus
ISIC_0012680,nevus
ISIC_0012681,nevus
ISIC_0012682,nevus
ISIC_0012683,nevus
ISIC_0012684,nevus
ISIC_0012685,nevus
ISIC_0012690,nevus
ISIC_0012693,seborrheic_keratosis
ISIC_0012697,seborrheic_keratosis
ISIC_0012699,nevus
ISIC_0012700,nevus
ISIC_0012701,melanoma
ISIC_0012702,nevus
ISIC_0012704,seborrheic_keratosis
ISIC_0012705,seborrheic_keratosis
ISIC_0012706,nevus
ISIC_0012708,nevus
ISIC_0012710,nevus
ISIC_0012711,nevus
ISIC_0012713,nevus
ISIC_0012715,melanoma
ISIC_0012719,seborrheic_keratosis
ISIC_0012720,seborrheic_keratosis
ISIC_0012721,nevus
ISIC_0012722,nevus
ISIC_0012725,nevus
ISIC_0012726,nevus
ISIC_0012735,nevus
ISIC_0012737,nevus
ISIC_0012739,nevus
ISIC_0012740,nevus
ISIC_0012741,nevus
ISIC_0012742,nevus
ISIC_0012744,nevus
ISIC_0012746,nevus
ISIC_0012749,melanoma
ISIC_0012756,melanoma
ISIC_0012758,melanoma
ISIC_0012768,nevus
ISIC_0012770,nevus
ISIC_0012773,seborrheic_keratosis
ISIC_0012777,nevus
ISIC_0012786,seborrheic_keratosis
ISIC_0012789,nevus
ISIC_0012792,seborrheic_keratosis
ISIC_0012793,nevus
ISIC_0012803,nevus
ISIC_0012804,nevus
ISIC_0012806,nevus
ISIC_0012810,seborrheic_keratosis
ISIC_0012813,seborrheic_keratosis
ISIC_0012814,nevus
ISIC_0012823,nevus
ISIC_0012826,nevus
ISIC_0012828,seborrheic_keratosis
ISIC_0012835,nevus
ISIC_0012836,nevus
ISIC_0012837,nevus
ISIC_0012840,seborrheic_keratosis
ISIC_0012844,nevus
ISIC_0012852,seborrheic_keratosis
ISIC_0012855,nevus
ISIC_0012856,seborrheic_keratosis
ISIC_0012865,nevus
ISIC_0012871,nevus
ISIC_0012873,nevus
ISIC_0012876,nevus
ISIC_0012877,nevus
ISIC_0012878,nevus
ISIC_0012879,nevus
ISIC_0012880,seborrheic_keratosis
ISIC_0012883,nevus
ISIC_0012884,seborrheic_keratosis
ISIC_0012887,melanoma
ISIC_0012888,nevus
ISIC_0012889,seborrheic_keratosis
ISIC_0012891,nevus
ISIC_0012897,nevus
ISIC_0012898,seborrheic_keratosis
ISIC_0012901,nevus
ISIC_0012902,seborrheic_keratosis
ISIC_0012903,nevus
ISIC_0012904,nevus
ISIC_0012905,nevus
ISIC_0012907,nevus
ISIC_0012911,nevus
ISIC_0012930,melanoma
ISIC_0012932,seborrheic_keratosis
ISIC_0012939,nevus
ISIC_0012940,nevus
ISIC_0012941,nevus
ISIC_0012944,nevus
ISIC_0012945,nevus
ISIC_0012949,nevus
ISIC_0012950,nevus
ISIC_0012956,nevus
ISIC_0012957,nevus
ISIC_0012961,nevus
ISIC_0012965,nevus
ISIC_0012966,nevus
ISIC_0012969,nevus
ISIC_0012976,nevus
ISIC_0012981,nevus
ISIC_0012986,seborrheic_keratosis
ISIC_0012987,nevus
ISIC_0012988,melanoma
ISIC_0012989,melanoma
ISIC_0012990,melanoma
ISIC_0012999,nevus
ISIC_0013000,nevus
ISIC_0013001,nevus
ISIC_0013007,nevus
ISIC_0013010,nevus
ISIC_0013012,nevus
ISIC_0013015,nevus
ISIC_0013023,nevus
ISIC_0013024,nevus
ISIC_0013025,nevus
ISIC_0013026,nevus
ISIC_0013027,nevus
ISIC_0013031,nevus
ISIC_0013032,nevus
ISIC_0013034,seborrheic_keratosis
ISIC_0013035,seborrheic_keratosis
ISIC_0013037,nevus
ISIC_0013039,nevus
ISIC_0013044,nevus
ISIC_0013045,nevus
ISIC_0013047,nevus
ISIC_0013048,nevus
ISIC_0013052,seborrheic_keratosis
ISIC_0013053,nevus
ISIC_0013054,seborrheic_keratosis
ISIC_0013055,nevus
ISIC_0013056,seborrheic_keratosis
ISIC_0013063,seborrheic_keratosis
ISIC_0013065,seborrheic_keratosis
ISIC_0013070,nevus
ISIC_0013071,nevus
ISIC_0013072,melanoma
ISIC_0013073,melanoma
ISIC_0013075,nevus
ISIC_0013079,melanoma
ISIC_0013082,nevus
ISIC_0013084,nevus
ISIC_0013086,nevus
ISIC_0013087,nevus
ISIC_0013089,seborrheic_keratosis
ISIC_0013090,nevus
ISIC_0013094,nevus
ISIC_0013096,nevus
ISIC_0013104,nevus
ISIC_0013106,nevus
ISIC_0013109,nevus
ISIC_0013112,nevus
ISIC_0013114,nevus
ISIC_0013118,nevus
ISIC_0013120,nevus
ISIC_0013121,nevus
ISIC_0013124,nevus
ISIC_0013126,nevus
ISIC_0013128,nevus
ISIC_0013129,seborrheic_keratosis
ISIC_0013134,seborrheic_keratosis
ISIC_0013136,nevus
ISIC_0013140,nevus
ISIC_0013141,melanoma
ISIC_0013146,seborrheic_keratosis
ISIC_0013147,nevus
ISIC_0013150,seborrheic_keratosis
ISIC_0013155,nevus
ISIC_0013159,nevus
ISIC_0013160,seborrheic_keratosis
ISIC_0013163,nevus
ISIC_0013164,nevus
ISIC_0013165,seborrheic_keratosis
ISIC_0013166,seborrheic_keratosis
ISIC_0013167,seborrheic_keratosis
ISIC_0013169,seborrheic_keratosis
ISIC_0013170,seborrheic_keratosis
ISIC_0013172,nevus
ISIC_0013173,nevus
ISIC_0013176,nevus
ISIC_0013177,seborrheic_keratosis
ISIC_0013178,seborrheic_keratosis
ISIC_0013181,nevus
ISIC_0013184,melanoma
ISIC_0013187,nevus
ISIC_0013189,seborrheic_keratosis
ISIC_0013190,nevus
ISIC_0013191,nevus
ISIC_0013192,nevus
ISIC_0013193,nevus
ISIC_0013196,nevus
ISIC_0013197,nevus
ISIC_0013198,melanoma
ISIC_0013200,seborrheic_keratosis
ISIC_0013201,nevus
ISIC_0013203,seborrheic_keratosis
ISIC_0013204,nevus
ISIC_0013205,nevus
ISIC_0013207,nevus
ISIC_0013208,nevus
ISIC_0013212,nevus
ISIC_0013213,nevus
ISIC_0013216,nevus
ISIC_0013217,nevus
ISIC_0013219,nevus
ISIC_0013220,nevus
ISIC_0013222,nevus
ISIC_0013223,seborrheic_keratosis
ISIC_0013224,nevus
ISIC_0013226,nevus
ISIC_0013227,nevus
ISIC_0013229,nevus
ISIC_0013230,nevus
ISIC_0013232,melanoma
ISIC_0013233,nevus
ISIC_0013235,nevus
ISIC_0013238,nevus
ISIC_0013242,melanoma
ISIC_0013244,nevus
ISIC_0013248,nevus
ISIC_0013249,nevus
ISIC_0013257,nevus
ISIC_0013258,melanoma
ISIC_0013269,nevus
ISIC_0013271,seborrheic_keratosis
ISIC_0013274,nevus
ISIC_0013275,nevus
ISIC_0013277,melanoma
ISIC_0013287,nevus
ISIC_0013288,nevus
ISIC_0013291,nevus
ISIC_0013294,nevus
ISIC_0013302,nevus
ISIC_0013304,nevus
ISIC_0013306,nevus
ISIC_0013310,nevus
ISIC_0013311,nevus
ISIC_0013314,nevus
ISIC_0013315,nevus
ISIC_0013319,seborrheic_keratosis
ISIC_0013320,nevus
ISIC_0013321,melanoma
ISIC_0013325,nevus
ISIC_0013326,nevus
ISIC_0013329,nevus
ISIC_0013330,nevus
ISIC_0013333,seborrheic_keratosis
ISIC_0013334,melanoma
ISIC_0013335,seborrheic_keratosis
ISIC_0013340,nevus
ISIC_0013341,seborrheic_keratosis
ISIC_0013342,nevus
ISIC_0013346,nevus
ISIC_0013355,nevus
ISIC_0013356,nevus
ISIC_0013359,melanoma
ISIC_0013360,seborrheic_keratosis
ISIC_0013364,seborrheic_keratosis
ISIC_0013365,melanoma
ISIC_0013369,nevus
ISIC_0013371,seborrheic_keratosis
ISIC_0013374,melanoma
ISIC_0013378,nevus
ISIC_0013383,nevus
ISIC_0013385,nevus
ISIC_0013390,nevus
ISIC_0013393,seborrheic_keratosis
ISIC_0013394,nevus
ISIC_0013395,nevus
ISIC_0013397,seborrheic_keratosis
ISIC_0013398,nevus
ISIC_0013399,nevus
ISIC_0013400,seborrheic_keratosis
ISIC_0013403,nevus
ISIC_0013405,nevus
ISIC_0013410,nevus
ISIC_0013411,melanoma
ISIC_0013414,melanoma
ISIC_0013416,nevus
ISIC_0013417,nevus
ISIC_0013423,nevus
ISIC_0013424,nevus
ISIC_0013425,nevus
ISIC_0013427,melanoma
ISIC_0013428,nevus
ISIC_0013429,melanoma
ISIC_0013430,nevus
ISIC_0013432,nevus
ISIC_0013433,nevus
ISIC_0013434,nevus
ISIC_0013437,nevus
ISIC_0013438,nevus
ISIC_0013443,seborrheic_keratosis
ISIC_0013455,melanoma
ISIC_0013456,nevus
ISIC_0013457,melanoma
ISIC_0013458,seborrheic_keratosis
ISIC_0013459,melanoma
ISIC_0013461,nevus
ISIC_0013465,seborrheic_keratosis
ISIC_0013472,melanoma
ISIC_0013473,melanoma
ISIC_0013474,seborrheic_keratosis
ISIC_0013480,nevus
ISIC_0013487,nevus
ISIC_0013488,nevus
ISIC_0013489,nevus
ISIC_0013490,melanoma
ISIC_0013491,melanoma
ISIC_0013492,nevus
ISIC_0013493,seborrheic_keratosis
ISIC_0013494,nevus
ISIC_0013495,nevus
ISIC_0013498,nevus
ISIC_0013499,melanoma
ISIC_0013500,melanoma
ISIC_0013501,melanoma
ISIC_0013511,nevus
ISIC_0013512,nevus
ISIC_0013516,nevus
ISIC_0013517,nevus
ISIC_0013518,melanoma
ISIC_0013523,nevus
ISIC_0013525,melanoma
ISIC_0013526,nevus
ISIC_0013527,nevus
ISIC_0013529,nevus
ISIC_0013549,melanoma
ISIC_0013552,nevus
ISIC_0013553,nevus
ISIC_0013554,nevus
ISIC_0013558,nevus
ISIC_0013559,nevus
ISIC_0013561,nevus
ISIC_0013562,nevus
ISIC_0013565,melanoma
ISIC_0013567,melanoma
ISIC_0013568,nevus
ISIC_0013572,melanoma
ISIC_0013573,melanoma
ISIC_0013577,melanoma
ISIC_0013578,melanoma
ISIC_0013579,melanoma
ISIC_0013580,seborrheic_keratosis
ISIC_0013581,melanoma
ISIC_0013585,seborrheic_keratosis
ISIC_0013588,melanoma
ISIC_0013592,nevus
ISIC_0013594,melanoma
ISIC_0013595,nevus
ISIC_0013596,nevus
ISIC_0013597,nevus
ISIC_0013599,nevus
ISIC_0013600,nevus
ISIC_0013601,nevus
ISIC_0013602,nevus
ISIC_0013603,nevus
ISIC_0013606,melanoma
ISIC_0013610,melanoma
ISIC_0013615,melanoma
ISIC_0013617,melanoma
ISIC_0013618,melanoma
ISIC_0013621,seborrheic_keratosis
ISIC_0013626,melanoma
ISIC_0013634,melanoma
ISIC_0013635,seborrheic_keratosis
ISIC_0013636,melanoma
ISIC_0013637,seborrheic_keratosis
ISIC_0013639,melanoma
ISIC_0013643,nevus
ISIC_0013644,melanoma
ISIC_0013651,melanoma
ISIC_0013652,melanoma
ISIC_0013656,nevus
ISIC_0013663,melanoma
ISIC_0013664,nevus
ISIC_0013667,seborrheic_keratosis
ISIC_0013670,nevus
ISIC_0013671,melanoma
ISIC_0013672,melanoma
ISIC_0013673,seborrheic_keratosis
ISIC_0013674,melanoma
ISIC_0013675,nevus
ISIC_0013676,nevus
ISIC_0013678,melanoma
ISIC_0013680,seborrheic_keratosis
ISIC_0013684,seborrheic_keratosis
ISIC_0013685,seborrheic_keratosis
ISIC_0013688,nevus
ISIC_0013689,nevus
ISIC_0013690,nevus
ISIC_0013691,seborrheic_keratosis
ISIC_0013695,nevus
ISIC_0013696,melanoma
ISIC_0013702,melanoma
ISIC_0013708,seborrheic_keratosis
ISIC_0013709,seborrheic_keratosis
ISIC_0013712,nevus
ISIC_0013713,nevus
ISIC_0013719,nevus
ISIC_0013721,nevus
ISIC_0013733,melanoma
ISIC_0013736,melanoma
ISIC_0013737,nevus
ISIC_0013738,nevus
ISIC_0013739,melanoma
ISIC_0013740,melanoma
ISIC_0013747,nevus
ISIC_0013748,nevus
ISIC_0013749,nevus
ISIC_0013758,nevus
ISIC_0013762,melanoma
ISIC_0013765,seborrheic_keratosis
ISIC_0013766,melanoma
ISIC_0013767,melanoma
ISIC_0013772,nevus
ISIC_0013775,melanoma
ISIC_0013777,melanoma
ISIC_0013778,nevus
ISIC_0013782,seborrheic_keratosis
ISIC_0013783,melanoma
ISIC_0013789,nevus
ISIC_0013792,nevus
ISIC_0013793,nevus
ISIC_0013794,nevus
ISIC_0013795,nevus
ISIC_0013796,nevus
ISIC_0013797,nevus
ISIC_0013798,nevus
ISIC_0013799,nevus
ISIC_0013800,nevus
ISIC_0013801,nevus
ISIC_0013802,nevus
ISIC_0013803,nevus
ISIC_0013804,nevus
ISIC_0013805,nevus
ISIC_0013806,nevus
ISIC_0013807,nevus
ISIC_0013808,nevus
ISIC_0013809,nevus
ISIC_0013813,melanoma
ISIC_0013815,melanoma
ISIC_0013816,nevus
ISIC_0013817,seborrheic_keratosis
ISIC_0013819,nevus
ISIC_0013828,melanoma
ISIC_0013830,nevus
ISIC_0013831,melanoma
ISIC_0013832,melanoma
ISIC_0013833,melanoma
ISIC_0013835,nevus
ISIC_0013836,nevus
ISIC_0013837,nevus
ISIC_0013839,melanoma
ISIC_0013840,melanoma
ISIC_0013842,melanoma
ISIC_0013843,nevus
ISIC_0013844,melanoma
ISIC_0013861,melanoma
ISIC_0013862,nevus
ISIC_0013863,seborrheic_keratosis
ISIC_0013865,melanoma
ISIC_0013867,melanoma
ISIC_0013874,melanoma
ISIC_0013879,nevus
ISIC_0013886,nevus
ISIC_0013888,nevus
ISIC_0013891,nevus
ISIC_0013896,nevus
ISIC_0013897,nevus
ISIC_0013898,nevus
ISIC_0013908,melanoma
ISIC_0013910,seborrheic_keratosis
ISIC_0013911,nevus
ISIC_0013917,melanoma
ISIC_0013918,seborrheic_keratosis
ISIC_0013921,nevus
ISIC_0013922,nevus
ISIC_0013925,melanoma
ISIC_0013929,seborrheic_keratosis
ISIC_0013935,nevus
ISIC_0013936,melanoma
ISIC_0013942,nevus
ISIC_0013946,nevus
ISIC_0013948,melanoma
ISIC_0013953,melanoma
ISIC_0013958,seborrheic_keratosis
ISIC_0013961,nevus
ISIC_0013962,nevus
ISIC_0013966,nevus
ISIC_0013967,nevus
ISIC_0013969,melanoma
ISIC_0013970,nevus
ISIC_0013972,melanoma
ISIC_0013975,melanoma
ISIC_0013977,seborrheic_keratosis
ISIC_0013980,seborrheic_keratosis
ISIC_0013981,seborrheic_keratosis
ISIC_0013982,nevus
ISIC_0013983,nevus
ISIC_0013984,melanoma
ISIC_0013986,melanoma
ISIC_0013987,melanoma
ISIC_0013988,melanoma
ISIC_0013995,melanoma
ISIC_0013996,nevus
ISIC_0013997,melanoma
ISIC_0013998,nevus
ISIC_0014001,nevus
ISIC_0014013,melanoma
ISIC_0014026,nevus
ISIC_0014027,melanoma
ISIC_0014028,seborrheic_keratosis
ISIC_0014029,seborrheic_keratosis
ISIC_0014032,seborrheic_keratosis
ISIC_0014037,melanoma
ISIC_0014044,melanoma
ISIC_0014046,nevus
ISIC_0014049,melanoma
ISIC_0014059,melanoma
ISIC_0014062,melanoma
ISIC_0014066,nevus
ISIC_0014069,nevus
ISIC_0014072,melanoma
ISIC_0014073,nevus
ISIC_0014076,melanoma
ISIC_0014077,melanoma
ISIC_0014080,nevus
ISIC_0014081,nevus
ISIC_0014089,nevus
ISIC_0014090,nevus
ISIC_0014092,melanoma
ISIC_0014093,nevus
ISIC_0014094,nevus
ISIC_0014099,melanoma
ISIC_0014103,melanoma
ISIC_0014108,melanoma
ISIC_0014110,melanoma
ISIC_0014114,nevus
ISIC_0014117,nevus
ISIC_0014127,melanoma
ISIC_0014129,melanoma
ISIC_0014131,nevus
ISIC_0014132,melanoma
ISIC_0014133,melanoma
ISIC_0014136,melanoma
ISIC_0014139,seborrheic_keratosis
ISIC_0014144,melanoma
ISIC_0014149,nevus
ISIC_0014150,nevus
ISIC_0014151,melanoma
ISIC_0014156,melanoma
ISIC_0014157,melanoma
ISIC_0014158,nevus
ISIC_0014160,melanoma
ISIC_0014162,nevus
ISIC_0014163,melanoma
ISIC_0014164,nevus
ISIC_0014166,nevus
ISIC_0014169,seborrheic_keratosis
ISIC_0014171,melanoma
ISIC_0014173,melanoma
ISIC_0014174,nevus
ISIC_0014178,nevus
ISIC_0014181,melanoma
ISIC_0014183,melanoma
ISIC_0014185,nevus
ISIC_0014186,melanoma
ISIC_0014187,melanoma
ISIC_0014189,melanoma
ISIC_0014190,melanoma
ISIC_0014195,nevus
ISIC_0014197,nevus
ISIC_0014211,nevus
ISIC_0014217,melanoma
ISIC_0014219,melanoma
ISIC_0014221,melanoma
ISIC_0014222,melanoma
ISIC_0014225,nevus
ISIC_0014229,melanoma
ISIC_0014233,melanoma
ISIC_0014238,melanoma
ISIC_0014248,nevus
ISIC_0014249,melanoma
ISIC_0014253,nevus
ISIC_0014255,melanoma
ISIC_0014263,nevus
ISIC_0014270,melanoma
ISIC_0014273,seborrheic_keratosis
ISIC_0014274,nevus
ISIC_0014284,melanoma
ISIC_0014286,nevus
ISIC_0014288,melanoma
ISIC_0014289,melanoma
ISIC_0014290,melanoma
ISIC_0014291,melanoma
ISIC_0014299,nevus
ISIC_0014302,melanoma
ISIC_0014308,melanoma
ISIC_0014311,seborrheic_keratosis
ISIC_0014316,melanoma
ISIC_0014317,nevus
ISIC_0014324,melanoma
ISIC_0014325,melanoma
ISIC_0014327,melanoma
ISIC_0014328,nevus
ISIC_0014331,melanoma
ISIC_0014336,melanoma
ISIC_0014337,melanoma
ISIC_0014346,nevus
ISIC_0014347,melanoma
ISIC_0014349,melanoma
ISIC_0014353,nevus
ISIC_0014357,melanoma
ISIC_0014360,melanoma
ISIC_0014361,melanoma
ISIC_0014365,nevus
ISIC_0014366,melanoma
ISIC_0014372,melanoma
ISIC_0014382,seborrheic_keratosis
ISIC_0014385,melanoma
ISIC_0014386,seborrheic_keratosis
ISIC_0014392,seborrheic_keratosis
ISIC_0014393,seborrheic_keratosis
ISIC_0014394,nevus
ISIC_0014395,melanoma
ISIC_0014397,seborrheic_keratosis
ISIC_0014410,seborrheic_keratosis
ISIC_0014419,seborrheic_keratosis
ISIC_0014422,melanoma
ISIC_0014423,melanoma
ISIC_0014428,melanoma
ISIC_0014430,nevus
ISIC_0014431,nevus
ISIC_0014433,nevus
ISIC_0014434,melanoma
ISIC_0014438,nevus
ISIC_0014440,nevus
ISIC_0014441,nevus
ISIC_0014453,nevus
ISIC_0014454,melanoma
ISIC_0014457,seborrheic_keratosis
ISIC_0014458,nevus
ISIC_0014469,nevus
ISIC_0014470,nevus
ISIC_0014473,nevus
ISIC_0014475,nevus
ISIC_0014476,melanoma
ISIC_0014478,melanoma
ISIC_0014480,melanoma
ISIC_0014486,melanoma
ISIC_0014489,melanoma
ISIC_0014490,nevus
ISIC_0014498,nevus
ISIC_0014500,seborrheic_keratosis
ISIC_0014501,melanoma
ISIC_0014502,nevus
ISIC_0014503,seborrheic_keratosis
ISIC_0014506,melanoma
ISIC_0014507,melanoma
ISIC_0014511,nevus
ISIC_0014513,melanoma
ISIC_0014518,melanoma
ISIC_0014522,nevus
ISIC_0014525,melanoma
ISIC_0014526,seborrheic_keratosis
ISIC_0014527,melanoma
ISIC_0014529,nevus
ISIC_0014535,seborrheic_keratosis
ISIC_0014537,seborrheic_keratosis
ISIC_0014541,melanoma
ISIC_0014542,melanoma
ISIC_0014543,melanoma
ISIC_0014545,melanoma
ISIC_0014546,melanoma
ISIC_0014547,nevus
ISIC_0014548,melanoma
ISIC_0014554,seborrheic_keratosis
ISIC_0014558,melanoma
ISIC_0014559,melanoma
ISIC_0014567,seborrheic_keratosis
ISIC_0014572,seborrheic_keratosis
ISIC_0014573,seborrheic_keratosis
ISIC_0014574,seborrheic_keratosis
ISIC_0014576,seborrheic_keratosis
ISIC_0014577,seborrheic_keratosis
ISIC_0014580,seborrheic_keratosis
ISIC_0014581,seborrheic_keratosis
ISIC_0014583,seborrheic_keratosis
ISIC_0014585,seborrheic_keratosis
ISIC_0014586,seborrheic_keratosis
ISIC_0014587,seborrheic_keratosis
ISIC_0014596,seborrheic_keratosis
ISIC_0014599,seborrheic_keratosis
ISIC_0014600,seborrheic_keratosis
ISIC_0014601,seborrheic_keratosis
ISIC_0014603,seborrheic_keratosis
ISIC_0014605,seborrheic_keratosis
ISIC_0014609,seborrheic_keratosis
ISIC_0014610,seborrheic_keratosis
ISIC_0014617,seborrheic_keratosis
ISIC_0014619,seborrheic_keratosis
ISIC_0014623,seborrheic_keratosis
ISIC_0014624,seborrheic_keratosis
ISIC_0014625,seborrheic_keratosis
ISIC_0014628,seborrheic_keratosis
ISIC_0014632,seborrheic_keratosis
ISIC_0014633,seborrheic_keratosis
ISIC_0014635,seborrheic_keratosis
ISIC_0014637,seborrheic_keratosis
ISIC_0014639,seborrheic_keratosis
ISIC_0014640,seborrheic_keratosis
ISIC_0014642,seborrheic_keratosis
ISIC_0014643,seborrheic_keratosis
ISIC_0014651,seborrheic_keratosis
ISIC_0014652,seborrheic_keratosis
ISIC_0014657,nevus
ISIC_0014658,nevus
ISIC_0014661,nevus
ISIC_0014663,melanoma
ISIC_0014664,nevus
ISIC_0014665,nevus
ISIC_0014666,melanoma
ISIC_0014667,nevus
ISIC_0014675,nevus
ISIC_0014677,nevus
ISIC_0014680,nevus
ISIC_0014682,nevus
ISIC_0014683,nevus
ISIC_0014684,nevus
ISIC_0014685,nevus
ISIC_0014687,nevus
ISIC_0014688,melanoma
ISIC_0014692,nevus
ISIC_0014693,nevus
ISIC_0014694,nevus
ISIC_0014696,nevus
ISIC_0014697,nevus
ISIC_0014698,nevus
ISIC_0014702,nevus
ISIC_0014703,melanoma
ISIC_0014707,nevus
ISIC_0014708,nevus
ISIC_0014713,nevus
ISIC_0014714,nevus
ISIC_0014715,nevus
ISIC_0014716,nevus
ISIC_0014720,nevus
ISIC_0014722,melanoma
ISIC_0014723,seborrheic_keratosis
ISIC_0014724,nevus
ISIC_0014725,nevus
ISIC_0014726,nevus
ISIC_0014728,nevus
ISIC_0014729,nevus
ISIC_0014730,nevus
ISIC_0014731,nevus
ISIC_0014735,melanoma
ISIC_0014739,nevus
ISIC_0014740,nevus
ISIC_0014742,nevus
ISIC_0014743,nevus
ISIC_0014745,nevus
ISIC_0014746,nevus
ISIC_0014748,nevus
ISIC_0014749,nevus
ISIC_0014753,nevus
ISIC_0014754,nevus
ISIC_0014755,nevus
ISIC_0014760,nevus
ISIC_0014762,nevus
ISIC_0014763,nevus
ISIC_0014765,nevus
ISIC_0014768,nevus
ISIC_0014769,nevus
ISIC_0014770,seborrheic_keratosis
ISIC_0014771,nevus
ISIC_0014772,melanoma
ISIC_0014773,nevus
ISIC_0014775,nevus
ISIC_0014778,nevus
ISIC_0014779,nevus
ISIC_0014780,nevus
ISIC_0014782,nevus
ISIC_0014783,nevus
ISIC_0014784,melanoma
ISIC_0014785,nevus
ISIC_0014786,nevus
ISIC_0014787,nevus
ISIC_0014788,melanoma
ISIC_0014790,melanoma
ISIC_0014791,nevus
ISIC_0014792,nevus
ISIC_0014794,nevus
ISIC_0014795,melanoma
ISIC_0014796,nevus
ISIC_0014797,nevus
ISIC_0014798,nevus
ISIC_0014800,melanoma
ISIC_0014802,nevus
ISIC_0014803,nevus
ISIC_0014804,seborrheic_keratosis
ISIC_0014805,nevus
ISIC_0014806,seborrheic_keratosis
ISIC_0014807,nevus
ISIC_0014808,nevus
ISIC_0014809,melanoma
ISIC_0014812,nevus
ISIC_0014814,nevus
ISIC_0014815,nevus
ISIC_0014818,nevus
ISIC_0014820,nevus
ISIC_0014821,nevus
ISIC_0014823,seborrheic_keratosis
ISIC_0014825,nevus
ISIC_0014826,melanoma
ISIC_0014829,nevus
ISIC_0014830,nevus
ISIC_0014831,seborrheic_keratosis
ISIC_0014832,melanoma
ISIC_0014833,nevus
ISIC_0014834,nevus
ISIC_0014835,nevus
ISIC_0014836,nevus
ISIC_0014838,nevus
ISIC_0014839,nevus
ISIC_0014843,nevus
ISIC_0014844,nevus
ISIC_0014845,nevus
ISIC_0014846,nevus
ISIC_0014848,nevus
ISIC_0014849,nevus
ISIC_0014850,nevus
ISIC_0014851,nevus
ISIC_0014853,nevus
ISIC_0014854,nevus
ISIC_0014855,nevus
ISIC_0014857,melanoma
ISIC_0014860,nevus
ISIC_0014862,melanoma
ISIC_0014863,nevus
ISIC_0014867,nevus
ISIC_0014868,nevus
ISIC_0014869,nevus
ISIC_0014872,melanoma
ISIC_0014876,nevus
ISIC_0014879,nevus
ISIC_0014883,melanoma
ISIC_0014890,nevus
ISIC_0014891,melanoma
ISIC_0014897,melanoma
ISIC_0014898,nevus
ISIC_0014901,nevus
ISIC_0014903,nevus
ISIC_0014904,nevus
ISIC_0014907,nevus
ISIC_0014908,nevus
ISIC_0014910,nevus
ISIC_0014911,nevus
ISIC_0014912,melanoma
ISIC_0014913,nevus
ISIC_0014915,nevus
ISIC_0014919,melanoma
ISIC_0014920,melanoma
ISIC_0014921,nevus
ISIC_0014922,melanoma
ISIC_0014923,nevus
ISIC_0014925,nevus
ISIC_0014926,nevus
ISIC_0014927,nevus
ISIC_0014928,melanoma
ISIC_0014929,nevus
ISIC_0014930,nevus
ISIC_0014931,melanoma
ISIC_0014932,melanoma
ISIC_0014933,nevus
ISIC_0014936,nevus
ISIC_0014937,nevus
ISIC_0014938,nevus
ISIC_0014940,nevus
ISIC_0014941,nevus
ISIC_0014942,nevus
ISIC_0014943,nevus
ISIC_0014944,nevus
ISIC_0014945,nevus
ISIC_0014946,melanoma
ISIC_0014947,nevus
ISIC_0014948,nevus
ISIC_0014949,nevus
ISIC_0014951,melanoma
ISIC_0014952,nevus
ISIC_0014955,nevus
ISIC_0014956,nevus
ISIC_0014957,nevus
ISIC_0014958,nevus
ISIC_0014961,nevus
ISIC_0014962,nevus
ISIC_0014963,melanoma
ISIC_0014964,nevus
ISIC_0014966,nevus
ISIC_0014968,nevus
ISIC_0014969,nevus
ISIC_0014973,nevus
ISIC_0014974,nevus
ISIC_0014975,melanoma
ISIC_0014979,melanoma
ISIC_0014982,melanoma
ISIC_0014983,melanoma
ISIC_0014985,melanoma
ISIC_0014987,melanoma
ISIC_0014989,nevus
ISIC_0014992,nevus
ISIC_0014994,nevus
ISIC_0014998,nevus
ISIC_0015002,nevus
ISIC_0015003,nevus
ISIC_0015005,melanoma
ISIC_0015007,nevus
ISIC_0015008,nevus
ISIC_0015009,nevus
ISIC_0015011,nevus
ISIC_0015013,nevus
ISIC_0015015,nevus
ISIC_0015016,nevus
ISIC_0015018,nevus
ISIC_0015019,nevus
ISIC_0015020,nevus
ISIC_0015021,nevus
ISIC_0015023,nevus
ISIC_0015026,nevus
ISIC_0015030,nevus
ISIC_0015031,nevus
ISIC_0015032,seborrheic_keratosis
ISIC_0015034,nevus
ISIC_0015035,nevus
ISIC_0015037,nevus
ISIC_0015040,nevus
ISIC_0015041,melanoma
ISIC_0015043,nevus
ISIC_0015044,seborrheic_keratosis
ISIC_0015046,melanoma
ISIC_0015050,melanoma
ISIC_0015051,nevus
ISIC_0015056,nevus
ISIC_0015057,nevus
ISIC_0015060,nevus
ISIC_0015062,seborrheic_keratosis
ISIC_0015064,nevus
ISIC_0015071,melanoma
ISIC_0015078,nevus
ISIC_0015079,melanoma
ISIC_0015082,melanoma
ISIC_0015089,nevus
ISIC_0015102,nevus
ISIC_0015108,seborrheic_keratosis
ISIC_0015109,melanoma
ISIC_0015110,melanoma
ISIC_0015113,seborrheic_keratosis
ISIC_0015115,melanoma
ISIC_0015118,nevus
ISIC_0015124,melanoma
ISIC_0015125,nevus
ISIC_0015127,melanoma
ISIC_0015129,nevus
ISIC_0015130,nevus
ISIC_0015132,melanoma
ISIC_0015133,melanoma
ISIC_0015136,melanoma
ISIC_0015139,nevus
ISIC_0015140,nevus
ISIC_0015142,melanoma
ISIC_0015144,nevus
ISIC_0015146,nevus
ISIC_0015149,nevus
ISIC_0015150,nevus
ISIC_0015152,nevus
ISIC_0015153,seborrheic_keratosis
ISIC_0015155,nevus
ISIC_0015156,melanoma
ISIC_0015157,nevus
ISIC_0015158,seborrheic_keratosis
ISIC_0015160,nevus
ISIC_0015161,nevus
ISIC_0015163,melanoma
ISIC_0015166,melanoma
ISIC_0015167,melanoma
ISIC_0015170,seborrheic_keratosis
ISIC_0015171,nevus
ISIC_0015173,nevus
ISIC_0015174,nevus
ISIC_0015175,nevus
ISIC_0015176,nevus
ISIC_0015179,nevus
ISIC_0015180,melanoma
ISIC_0015184,nevus
ISIC_0015185,melanoma
ISIC_0015189,melanoma
ISIC_0015190,melanoma
ISIC_0015193,melanoma
ISIC_0015200,melanoma
ISIC_0015201,nevus
ISIC_0015202,nevus
ISIC_0015203,nevus
ISIC_0015204,melanoma
ISIC_0015206,melanoma
ISIC_0015207,nevus
ISIC_0015208,nevus
ISIC_0015211,nevus
ISIC_0015212,nevus
ISIC_0015215,nevus
ISIC_0015216,nevus
ISIC_0015218,nevus
ISIC_0015219,melanoma
ISIC_0015220,seborrheic_keratosis
ISIC_0015223,nevus
ISIC_0015224,nevus
ISIC_0015226,nevus
ISIC_0015229,melanoma
ISIC_0015232,nevus
ISIC_0015233,seborrheic_keratosis
ISIC_0015237,nevus
ISIC_0015241,nevus
ISIC_0015243,melanoma
ISIC_0015244,nevus
ISIC_0015245,nevus
ISIC_0015250,nevus
ISIC_0015251,melanoma
ISIC_0015254,nevus
ISIC_0015255,nevus
ISIC_0015256,melanoma
ISIC_0015258,nevus
ISIC_0015260,seborrheic_keratosis
ISIC_0015264,nevus
ISIC_0015270,nevus
ISIC_0015273,nevus
ISIC_0015274,nevus
ISIC_0015276,nevus
ISIC_0015279,nevus
ISIC_0015283,nevus
ISIC_0015284,melanoma
ISIC_0015291,nevus
ISIC_0015293,nevus
ISIC_0015295,seborrheic_keratosis
ISIC_0015298,nevus
ISIC_0015309,nevus
ISIC_0015310,nevus
ISIC_0015311,nevus
ISIC_0015312,nevus
ISIC_0015313,nevus
ISIC_0015330,nevus
ISIC_0015331,nevus
ISIC_0015353,nevus
ISIC_0015355,nevus
ISIC_0015357,nevus
ISIC_0015360,nevus
ISIC_0015363,nevus
ISIC_0015368,nevus
ISIC_0015369,nevus
ISIC_0015383,nevus
ISIC_0015390,nevus
ISIC_0015395,nevus
ISIC_0015401,nevus
ISIC_0015403,nevus
ISIC_0015404,nevus
ISIC_0015411,nevus
ISIC_0015412,nevus
ISIC_0015416,nevus
ISIC_0015417,nevus
ISIC_0015418,nevus
ISIC_0015419,nevus
ISIC_0015436,nevus
ISIC_0015440,nevus
ISIC_0015443,nevus
ISIC_0015445,nevus
ISIC_0015447,nevus
ISIC_0015455,nevus
ISIC_0015464,nevus
ISIC_0015466,nevus
ISIC_0015468,nevus
ISIC_0015476,nevus
ISIC_0015481,nevus
ISIC_0015482,nevus
ISIC_0015483,nevus
ISIC_0015485,nevus
ISIC_0015496,nevus
ISIC_0015510,nevus
ISIC_0015526,nevus
ISIC_0015537,nevus
ISIC_0015544,nevus
ISIC_0015559,nevus
ISIC_0015563,nevus
ISIC_0015566,nevus
ISIC_0015568,nevus
ISIC_0015582,nevus
ISIC_0015593,nevus
ISIC_0015603,nevus
ISIC_0015607,nevus
ISIC_0015614,nevus
ISIC_0015617,nevus
ISIC_0015625,nevus
ISIC_0015627,nevus
ISIC_0015631,nevus
ISIC_0015636,nevus
ISIC_0015638,nevus
ISIC_0015641,nevus
ISIC_0015645,nevus
ISIC_0015936,nevus
ISIC_0015937,nevus
ISIC_0015939,nevus
ISIC_0015940,nevus
ISIC_0015941,nevus
ISIC_0015942,nevus
ISIC_0015943,nevus
ISIC_0015944,nevus
ISIC_0015945,nevus
ISIC_0015946,nevus
ISIC_0015947,nevus
ISIC_0015948,nevus
ISIC_0015949,nevus
ISIC_0015950,nevus
ISIC_0015951,nevus
ISIC_0015952,nevus
ISIC_0015953,nevus
ISIC_0015955,nevus
ISIC_0015956,nevus
ISIC_0015957,nevus
ISIC_0015958,nevus
ISIC_0015960,nevus
ISIC_0015961,nevus
ISIC_0015962,nevus
ISIC_0015963,nevus
ISIC_0015964,nevus
ISIC_0015965,nevus
ISIC_0015966,nevus
ISIC_0015967,nevus
ISIC_0015968,nevus
ISIC_0015969,nevus
ISIC_0015971,nevus
ISIC_0015972,nevus
ISIC_0015973,nevus
ISIC_0015974,nevus
ISIC_0015975,nevus
ISIC_0015976,nevus
ISIC_0015978,nevus
ISIC_0015980,nevus
ISIC_0015981,nevus
ISIC_0015982,nevus
ISIC_0015983,nevus
ISIC_0015984,nevus
ISIC_0015985,nevus
ISIC_0015986,nevus
ISIC_0015987,nevus
ISIC_0015989,nevus
ISIC_0015990,nevus
ISIC_0015991,nevus
ISIC_0015993,nevus
ISIC_0015994,nevus
ISIC_0015995,nevus
ISIC_0015996,nevus
ISIC_0015997,nevus
ISIC_0015998,nevus
ISIC_0015999,nevus
ISIC_0016000,nevus
ISIC_0016003,nevus
ISIC_0016004,nevus
ISIC_0016005,nevus
ISIC_0016006,nevus
ISIC_0016007,nevus
ISIC_0016008,nevus
ISIC_0016009,nevus
ISIC_0016011,nevus
ISIC_0016012,nevus
ISIC_0016013,nevus
ISIC_0016014,nevus
ISIC_0016015,nevus
ISIC_0016016,nevus
ISIC_0016017,nevus
ISIC_0016019,nevus
ISIC_0016022,nevus
ISIC_0016023,nevus
ISIC_0016024,nevus
ISIC_0016025,nevus
ISIC_0016026,nevus
ISIC_0016027,nevus
ISIC_0016028,nevus
ISIC_0016029,nevus
ISIC_0016030,nevus
ISIC_0016033,nevus
ISIC_0016034,nevus
ISIC_0016035,nevus
ISIC_0016036,nevus
ISIC_0016037,nevus
ISIC_0016038,nevus
ISIC_0016040,nevus
ISIC_0016041,nevus
ISIC_0016042,nevus
ISIC_0016043,nevus
ISIC_0016044,nevus
ISIC_0016045,nevus
ISIC_0016046,nevus
ISIC_0016048,nevus
ISIC_0016050,nevus
ISIC_0016051,nevus
ISIC_0016052,nevus
ISIC_0016053,nevus
ISIC_0016054,nevus
ISIC_0016055,nevus
ISIC_0016056,nevus
ISIC_0016057,nevus
ISIC_0016058,nevus
ISIC_0016059,nevus
ISIC_0016060,nevus
ISIC_0016061,nevus
ISIC_0016062,nevus
ISIC_0016063,nevus
ISIC_0016064,nevus
ISIC_0016065,nevus
ISIC_0016066,nevus
ISIC_0016068,nevus
ISIC_0016069,nevus
ISIC_0016070,nevus
ISIC_0016071,nevus
ISIC_0016072,nevus
